repeat,fold,model_name,strategy,display_name,roc_auc,pr_auc,recall,precision,f1,f2,cost_per_applicant,best_f1,best_f1_threshold,n_false_negatives,n_false_positives,,,,,,,
1,1,logistic_regression,baseline,Logistic Regression (Baseline),0.743737064,0.219937389,0.007209372,0.387096774,0.014155116,0.008969951,0.806985025,0.295071265,0.14936623,3305,38,,,,,,,
1,1,logistic_regression,cost_sensitive,Logistic Regression (Cost-Sensitive),0.743677632,0.218899825,0.683388405,0.160425922,0.259851513,0.413681493,0.54743671,0.293706294,0.628971696,1054,11906,,,,,,,
1,1,logistic_regression,smote,Logistic Regression (SMOTE),0.736472693,0.214376396,0.671372785,0.161220515,0.260004653,0.41116303,0.550412175,0.288858572,0.634056091,1094,11628,,,,,,,
1,1,random_forest,baseline,Random Forest (Baseline),0.741812943,0.222014508,0.000600781,0.4,0.00119976,0.000750694,0.811497,0.292862399,0.139208181,3327,3,,,,,,,
1,1,random_forest,cost_sensitive,Random Forest (Cost-Sensitive),0.742830626,0.224784959,0.625413037,0.172293942,0.270161552,0.40984252,0.548070826,0.293843372,0.587152878,1247,10002,,,,,,,
1,1,random_forest,smote,Random Forest (SMOTE),0.708733301,0.170859239,0.215079603,0.21916131,0.217101273,0.215883736,0.699502463,0.253296107,0.373368069,2613,2551,,,,,,,
1,1,xgboost,baseline,XGBoost (Baseline),0.758381761,0.244485567,0.021027336,0.546875,0.040497541,0.026033918,0.796253841,0.310143043,0.149943918,3259,58,,,,,3,4,5
1,1,xgboost,cost_sensitive,XGBoost (Cost-Sensitive),0.755403152,0.241188056,0.65064584,0.177832512,0.279321684,0.424772513,0.527876689,0.304848142,0.608547032,1163,10014,,,,,,,
1,1,xgboost,smote,XGBoost (SMOTE),0.738091499,0.217984384,0.015620306,0.495238095,0.030285381,0.019372625,0.800521926,0.291647224,0.191157565,3277,53,,,,,,,
1,2,logistic_regression,baseline,Logistic Regression (Baseline),0.748316454,0.226788506,0.009612496,0.581818182,0.01891253,0.011966195,0.804668065,0.297639945,0.136967853,3297,23,,,,,,,
1,2,logistic_regression,cost_sensitive,Logistic Regression (Cost-Sensitive),0.748319392,0.225022452,0.683688795,0.160033751,0.259358441,0.413247149,0.548168382,0.296528731,0.642585754,1053,11946,,,,,,,
1,2,logistic_regression,smote,Logistic Regression (SMOTE),0.741130923,0.217905314,0.667467708,0.159879119,0.257967145,0.408245756,0.554753427,0.290979631,0.651351869,1107,11676,,,,,,,
1,2,random_forest,baseline,Random Forest (Baseline),0.747312666,0.235063548,0.000600781,1,0.001200841,0.000750863,0.811423833,0.296896086,0.148417543,3327,0,,,,,,,
1,2,random_forest,cost_sensitive,Random Forest (Cost-Sensitive),0.74789002,0.235083865,0.613397417,0.171481357,0.268031765,0.404773232,0.554509536,0.298076923,0.604780685,1287,9866,,,,,,,
1,2,random_forest,smote,Random Forest (SMOTE),0.714996116,0.173604175,0.209972965,0.21762142,0.213728788,0.211459342,0.702721818,0.258421605,0.409380676,2630,2513,,,,,,,
1,2,xgboost,baseline,XGBoost (Baseline),0.765438003,0.254154157,0.018323821,0.628865979,0.035610041,0.022739134,0.797912297,0.3151341,0.164995655,3268,36,,,,,,,
1,2,xgboost,cost_sensitive,XGBoost (Cost-Sensitive),0.761565603,0.249156213,0.632622409,0.177078954,0.276704769,0.417707961,0.536973806,0.311050477,0.656771898,1223,9787,,,,,,,
1,2,xgboost,smote,XGBoost (SMOTE),0.743472977,0.22029132,0.016521478,0.504587156,0.031995346,0.020484171,0.799814643,0.292016397,0.165135533,3274,54,,,,,,,
1,3,logistic_regression,baseline,Logistic Regression (Baseline),0.748539448,0.231181105,0.006608591,0.468085106,0.013033175,0.008231685,0.807175435,0.302223112,0.139053926,3307,25,,,,,,,
1,3,logistic_regression,cost_sensitive,Logistic Regression (Cost-Sensitive),0.748074062,0.228074819,0.676179033,0.162398095,0.261896451,0.414136954,0.546084242,0.302485351,0.64703089,1078,11610,,,,,,,
1,3,logistic_regression,smote,Logistic Regression (SMOTE),0.740429024,0.221897454,0.664163412,0.162406346,0.26099274,0.410508726,0.550791444,0.294172932,0.640617073,1118,11403,,,,,,,
1,3,random_forest,baseline,Random Forest (Baseline),0.744241827,0.229010506,0.000901172,0.375,0.001798022,0.001125788,0.811321675,0.296627742,0.14358266,3326,5,,,,,,,
1,3,random_forest,cost_sensitive,Random Forest (Cost-Sensitive),0.746411612,0.227961761,0.619705617,0.175559527,0.273607427,0.411497188,0.545059877,0.301171459,0.60905206,1266,9688,,,,,,,
1,3,random_forest,smote,Random Forest (SMOTE),0.712527983,0.176403571,0.220787023,0.22429051,0.222524977,0.221478937,0.694665984,0.255454266,0.42523156,2594,2542,,,,,,,
1,3,xgboost,baseline,XGBoost (Baseline),0.758532539,0.250667032,0.021327726,0.622807018,0.041243102,0.026433358,0.79566352,0.315430696,0.141498208,3258,43,,,,,,,
1,3,xgboost,cost_sensitive,XGBoost (Cost-Sensitive),0.759387542,0.243868395,0.643736858,0.179616126,0.280865007,0.42440686,0.527987122,0.315469225,0.662247598,1186,9788,,,,,,,
1,3,xgboost,smote,XGBoost (SMOTE),0.741536315,0.222393708,0.012916792,0.457446809,0.02512416,0.016032811,0.802687739,0.293515358,0.206264839,3286,51,,,,,,,
1,4,logistic_regression,baseline,Logistic Regression (Baseline),0.745533167,0.227574011,0.008713942,0.517857143,0.01713948,0.010846798,0.805273042,0.29570497,0.15427734,3299,27,,,,,,,
1,4,logistic_regression,cost_sensitive,Logistic Regression (Cost-Sensitive),0.745801086,0.226475035,0.675480769,0.158959129,0.257355467,0.409412108,0.553498695,0.295519325,0.676118255,1080,11894,,,,,,,
1,4,logistic_regression,smote,Logistic Regression (SMOTE),0.741051814,0.221097357,0.658954327,0.158763484,0.25587772,0.404239631,0.560230238,0.289227836,0.645787597,1135,11620,,,,,,,
1,4,random_forest,baseline,Random Forest (Baseline),0.744336743,0.229238514,0.000901442,0.6,0.00180018,0.00112638,0.81100461,0.300251544,0.150349753,3325,2,,,,,,,
1,4,random_forest,cost_sensitive,Random Forest (Cost-Sensitive),0.746137427,0.228533759,0.608774038,0.170524367,0.266421198,0.40209582,0.557913222,0.299711816,0.636561228,1302,9855,,,,,,,
1,4,random_forest,smote,Random Forest (SMOTE),0.712979841,0.176358709,0.224759615,0.228118329,0.226426517,0.225423422,0.690983147,0.259934918,0.417605542,2580,2531,,,,,,,
1,4,xgboost,baseline,XGBoost (Baseline),0.75992016,0.250670576,0.022235577,0.569230769,0.042799306,0.027525666,0.795005,0.313734341,0.15626964,3254,56,,,,,,,
1,4,xgboost,cost_sensitive,XGBoost (Cost-Sensitive),0.759625119,0.246497357,0.643930288,0.178613102,0.279655487,0.423350454,0.529377332,0.311939112,0.655966163,1185,9855,,,,,,,
1,4,xgboost,smote,XGBoost (SMOTE),0.744615825,0.227809519,0.018329327,0.458646617,0.035249928,0.022685013,0.798565889,0.292324561,0.181068808,3267,72,,,,,,,
1,5,logistic_regression,baseline,Logistic Regression (Baseline),0.751519281,0.234493784,0.009014423,0.652173913,0.017783047,0.011229226,0.804760859,0.304546398,0.143072218,3298,16,,,,,,,
1,5,logistic_regression,cost_sensitive,Logistic Regression (Cost-Sensitive),0.751385918,0.232751161,0.680588942,0.161118224,0.260554469,0.413774205,0.5468891,0.302968502,0.67440176,1063,11793,,,,,,,
1,5,logistic_regression,smote,Logistic Regression (SMOTE),0.745762558,0.225358437,0.657752404,0.159478362,0.256713967,0.404800651,0.559181483,0.298492153,0.662780106,1139,11537,,,,,,,
1,5,random_forest,baseline,Random Forest (Baseline),0.750585847,0.236052454,0.001201923,0.8,0.00240024,0.00150184,0.810736324,0.301899078,0.141489341,3324,1,,,,,,,
1,5,random_forest,cost_sensitive,Random Forest (Cost-Sensitive),0.752509584,0.238076507,0.621694712,0.176085106,0.274439581,0.412776315,0.543181874,0.302171023,0.616020907,1259,9681,,,,,,,
1,5,random_forest,smote,Random Forest (SMOTE),0.717236613,0.179854974,0.209134615,0.22272,0.215713622,0.211717467,0.70117802,0.258509263,0.390096857,2632,2429,,,,,,,
1,5,xgboost,baseline,XGBoost (Baseline),0.76698045,0.254918646,0.01953125,0.575221239,0.037779715,0.024208566,0.797004951,0.316691764,0.157085612,3263,48,,,,,,,
1,5,xgboost,cost_sensitive,XGBoost (Cost-Sensitive),0.76487121,0.251281743,0.644831731,0.180639731,0.282219884,0.425928866,0.525694495,0.313172043,0.648176253,1182,9734,,,,,,,
1,5,xgboost,smote,XGBoost (SMOTE),0.749223841,0.230875384,0.015625,0.536082474,0.030364964,0.019389962,0.800102437,0.298396121,0.199557617,3276,45,,,,,,,
2,1,logistic_regression,baseline,Logistic Regression (Baseline),0.745369381,0.225877067,0.007209372,0.489795918,0.014209591,0.008978676,0.806667967,0.300273167,0.143932924,3305,25,,,,,,,
2,1,logistic_regression,cost_sensitive,Logistic Regression (Cost-Sensitive),0.745446167,0.224519027,0.679483328,0.16071048,0.259940244,0.41290935,0.548339105,0.30051473,0.666298985,1067,11813,,,,,,,
2,1,logistic_regression,smote,Logistic Regression (SMOTE),0.737205713,0.218315536,0.654851307,0.159100861,0.256003758,0.403434747,0.561240915,0.294667186,0.649277866,1149,11522,,,,,,,
2,1,random_forest,baseline,Random Forest (Baseline),0.743821516,0.225178141,0,0,0,0,0.811936003,0.298787463,0.148191054,3329,1,,,,,,,
2,1,random_forest,cost_sensitive,Random Forest (Cost-Sensitive),0.745519461,0.225250047,0.619405227,0.174023124,0.271709053,0.409696006,0.54770499,0.299038658,0.600975753,1267,9787,,,,,,,
2,1,random_forest,smote,Random Forest (SMOTE),0.711278435,0.174991672,0.216881947,0.213735938,0.21529745,0.216245358,0.700599971,0.25998978,0.427124749,2607,2656,,,,,,,
2,1,xgboost,baseline,XGBoost (Baseline),0.759645493,0.246879102,0.017122259,0.504424779,0.033120279,0.021222727,0.79937564,0.314161431,0.165593594,3272,56,,,,,,,
2,1,xgboost,cost_sensitive,XGBoost (Cost-Sensitive),0.758197753,0.246301243,0.645839591,0.179615706,0.281064122,0.425136439,0.527047461,0.31254222,0.654452682,1179,9820,,,,,,,
2,1,xgboost,smote,XGBoost (SMOTE),0.741354368,0.223685715,0.015319916,0.536842105,0.02978972,0.019014242,0.800546315,0.29500263,0.1757126,3278,44,,,,,,,
2,2,logistic_regression,baseline,Logistic Regression (Baseline),0.757740414,0.241230046,0.006308201,0.636363636,0.012492564,0.007865758,0.807082581,0.302546649,0.157235831,3308,12,,,,,,,
2,2,logistic_regression,cost_sensitive,Logistic Regression (Cost-Sensitive),0.757499116,0.239153077,0.693902073,0.163748494,0.26496903,0.421179302,0.536242135,0.302583771,0.645174921,1019,11797,,,,,,,
2,2,logistic_regression,smote,Logistic Regression (SMOTE),0.751585566,0.231625931,0.675878642,0.163505559,0.263311878,0.415481774,0.543900298,0.298432189,0.677144825,1079,11511,,,,,,,
2,2,random_forest,baseline,Random Forest (Baseline),0.755239386,0.247304542,0.000901172,1,0.00180072,0.001126211,0.811179942,0.309466712,0.148640919,3326,0,,,,,,,
2,2,random_forest,cost_sensitive,Random Forest (Cost-Sensitive),0.757757282,0.247051425,0.631420847,0.177969689,0.277675033,0.418275162,0.536047022,0.310408719,0.613522353,1227,9709,,,,,,,
2,2,random_forest,smote,Random Forest (SMOTE),0.724304083,0.182727878,0.22499249,0.23117284,0.228040798,0.226201981,0.689990732,0.266280499,0.393401564,2580,2491,,,,,,,
2,2,xgboost,baseline,XGBoost (Baseline),0.770094283,0.262400827,0.01802343,0.666666667,0.035097982,0.02237804,0.798009853,0.322339273,0.134826258,3269,30,,,,,,,
2,2,xgboost,cost_sensitive,XGBoost (Cost-Sensitive),0.76877161,0.26104764,0.654550916,0.182327839,0.285209424,0.431194839,0.518803961,0.316086343,0.640620649,1150,9772,,,,,,,
2,2,xgboost,smote,XGBoost (SMOTE),0.752922628,0.239000797,0.013817963,0.666666667,0.02707475,0.017183414,0.801253597,0.304757246,0.197669163,3283,23,,,,,,,
2,3,logistic_regression,baseline,Logistic Regression (Baseline),0.740333597,0.219866162,0.006908982,0.534883721,0.013641756,0.008608429,0.80680959,0.293433867,0.146282583,3306,20,,,,,,,
2,3,logistic_regression,cost_sensitive,Logistic Regression (Cost-Sensitive),0.741108638,0.21907662,0.675878642,0.157728707,0.255769012,0.407889489,0.556205946,0.293421474,0.663272321,1079,12015,,,,,,,
2,3,logistic_regression,smote,Logistic Regression (SMOTE),0.734265341,0.21350019,0.652748573,0.15723589,0.253425856,0.400390625,0.566010585,0.285714286,0.685552537,1156,11647,,,,,,,
2,3,random_forest,baseline,Random Forest (Baseline),0.737283383,0.222151775,0.001501953,0.555555556,0.002995806,0.001876173,0.810809492,0.28687441,0.128586508,3324,4,,,,,,,
2,3,random_forest,cost_sensitive,Random Forest (Cost-Sensitive),0.739096467,0.224645274,0.615800541,0.169016407,0.26523483,0.402829633,0.557766884,0.294160968,0.611467249,1279,10079,,,,,,,
2,3,random_forest,smote,Random Forest (SMOTE),0.708964027,0.177413047,0.227395614,0.223501624,0.225431805,0.226605999,0.69144655,0.25210838,0.402836673,2572,2630,,,,,,,
2,3,xgboost,baseline,XGBoost (Baseline),0.755521864,0.241426933,0.01772304,0.526785714,0.034292357,0.02196902,0.798834175,0.306485014,0.150223807,3270,53,,,,,,,
2,3,xgboost,cost_sensitive,XGBoost (Cost-Sensitive),0.751696714,0.238914738,0.6329228,0.174305096,0.273334631,0.414698473,0.541474598,0.299086294,0.628210366,1222,9981,,,,,,,
2,3,xgboost,smote,XGBoost (SMOTE),0.741797255,0.223824191,0.01772304,0.531531532,0.034302326,0.021970656,0.798809785,0.289946822,0.206712738,3270,52,,,,,,,
2,4,logistic_regression,baseline,Logistic Regression (Baseline),0.739577023,0.223662248,0.011418269,0.487179487,0.022313564,0.014189694,0.803395039,0.300915831,0.150618866,3290,40,,,,,,,
2,4,logistic_regression,cost_sensitive,Logistic Regression (Cost-Sensitive),0.739955493,0.222785452,0.659555288,0.157223695,0.253918677,0.402412643,0.563303334,0.300541018,0.669634521,1133,11766,,,,,,,
2,4,logistic_regression,smote,Logistic Regression (SMOTE),0.735359876,0.21803076,0.653245192,0.1578336,0.25423927,0.401314332,0.564376479,0.291876811,0.679636896,1154,11600,,,,,,,
2,4,random_forest,baseline,Random Forest (Baseline),0.738605228,0.225629642,0.002403846,0.8,0.004793289,0.003002552,0.809785127,0.300862565,0.149474563,3320,2,,,,,,,
2,4,random_forest,cost_sensitive,Random Forest (Cost-Sensitive),0.740253633,0.225823429,0.609975962,0.168716755,0.264322917,0.400489268,0.560522914,0.300616406,0.633784902,1298,10002,,,,,,,
2,4,random_forest,smote,Random Forest (SMOTE),0.703451124,0.169147828,0.211237981,0.220999686,0.216008603,0.213120718,0.700665837,0.254075323,0.409801741,2625,2478,,,,,,,
2,4,xgboost,baseline,XGBoost (Baseline),0.756949307,0.245873195,0.024939904,0.55704698,0.047742307,0.030829805,0.793053828,0.310220254,0.160307348,3245,66,,,,,,,
2,4,xgboost,cost_sensitive,XGBoost (Cost-Sensitive),0.75424825,0.244395886,0.629206731,0.173819208,0.272390244,0.41287117,0.543718446,0.310912143,0.654619932,1234,9953,,,,,,,
2,4,xgboost,smote,XGBoost (SMOTE),0.734214311,0.217327607,0.015925481,0.504761905,0.030876784,0.019751062,0.800029268,0.285747773,0.19491519,3275,52,,,,,,,
2,5,logistic_regression,baseline,Logistic Regression (Baseline),0.754043665,0.226340796,0.009615385,0.524590164,0.018884627,0.011964406,0.804590132,0.297958769,0.141543657,3296,29,,,,,,,
2,5,logistic_regression,cost_sensitive,Logistic Regression (Cost-Sensitive),0.753732871,0.224970482,0.692608173,0.163847029,0.265003449,0.420927684,0.536401551,0.297851845,0.63869518,1023,11763,,,,,,,
2,5,logistic_regression,smote,Logistic Regression (SMOTE),0.746546912,0.218026557,0.674579327,0.162398727,0.261777052,0.413657134,0.546547645,0.293309616,0.655875802,1083,11579,,,,,,,
2,5,random_forest,baseline,Random Forest (Baseline),0.752664367,0.229199525,0.000901442,0.375,0.001798561,0.001126126,0.811077779,0.296019353,0.145566098,3325,5,,,,,,,
2,5,random_forest,cost_sensitive,Random Forest (Cost-Sensitive),0.755075623,0.230384747,0.624399038,0.179555863,0.278907456,0.417520595,0.53645033,0.302306898,0.62671463,1250,9495,,,,,,,
2,5,random_forest,smote,Random Forest (SMOTE),0.719163589,0.170980435,0.209134615,0.215213358,0.212130448,0.210322737,0.703836492,0.258322442,0.367127411,2632,2538,,,,,,,
2,5,xgboost,baseline,XGBoost (Baseline),0.770018781,0.25142691,0.024639423,0.573426573,0.047248632,0.030471944,0.793175776,0.315528975,0.143025786,3246,61,,,,,,,
2,5,xgboost,cost_sensitive,XGBoost (Cost-Sensitive),0.766281981,0.248355133,0.655649038,0.181863644,0.284744878,0.431054919,0.518914173,0.312123535,0.645414948,1146,9816,,,,,,,
2,5,xgboost,smote,XGBoost (SMOTE),0.748807213,0.223167722,0.018028846,0.491803279,0.034782609,0.022331398,0.798565889,0.296296296,0.187400535,3268,62,,,,,,,
3,1,logistic_regression,baseline,Logistic Regression (Baseline),0.746910057,0.228076997,0.008410934,0.583333333,0.016582766,0.010475905,0.80557046,0.301072865,0.153021976,3301,20,,,,,,,
3,1,logistic_regression,cost_sensitive,Logistic Regression (Cost-Sensitive),0.746408277,0.225742287,0.68068489,0.160254597,0.259430992,0.412660256,0.548851276,0.3012834,0.657428026,1063,11874,,,,,,,
3,1,logistic_regression,smote,Logistic Regression (SMOTE),0.738833497,0.219458328,0.656052869,0.159148874,0.256157635,0.40386109,0.560679967,0.287736396,0.693289578,1145,11539,,,,,,,
3,1,random_forest,baseline,Random Forest (Baseline),0.742631078,0.224922718,0.001201562,0.5,0.002397363,0.001501051,0.811033608,0.298311033,0.144014423,3325,4,,,,,,,
3,1,random_forest,cost_sensitive,Random Forest (Cost-Sensitive),0.746046406,0.227091165,0.617903274,0.171631206,0.268643072,0.406505672,0.552363299,0.298952458,0.600724588,1272,9928,,,,,,,
3,1,random_forest,smote,Random Forest (SMOTE),0.711249363,0.171904661,0.221087414,0.218527316,0.21979991,0.220570607,0.696600166,0.25480071,0.384183588,2593,2632,,,,,,,
3,1,xgboost,baseline,XGBoost (Baseline),0.760073502,0.249731733,0.01772304,0.531531532,0.034302326,0.021970656,0.798790303,0.311232279,0.149742469,3270,52,,,,,,,
3,1,xgboost,cost_sensitive,XGBoost (Cost-Sensitive),0.757992428,0.248813707,0.647041153,0.176992605,0.277953416,0.422584949,0.530852154,0.315016733,0.642355382,1175,10016,,,,,,,
3,1,xgboost,smote,XGBoost (SMOTE),0.741581254,0.218798238,0.010213277,0.472222222,0.019994119,0.012697938,0.80454612,0.29370471,0.184531897,3295,38,,,,,,,
3,2,logistic_regression,baseline,Logistic Regression (Baseline),0.746650496,0.230644944,0.008410934,0.509090909,0.016548463,0.010470421,0.805741183,0.29995417,0.158021137,3301,27,,,,,,,
3,2,logistic_regression,cost_sensitive,Logistic Regression (Cost-Sensitive),0.747811145,0.230412204,0.680084109,0.160294534,0.259439638,0.412536443,0.54899761,0.299258229,0.68104732,1065,11860,,,,,,,
3,2,logistic_regression,smote,Logistic Regression (SMOTE),0.740143636,0.221159933,0.666266146,0.159499497,0.257383232,0.407391081,0.556021657,0.291130537,0.656131029,1111,11688,,,,,,,
3,2,random_forest,baseline,Random Forest (Baseline),0.744215015,0.238182856,0.000600781,1,0.001200841,0.000750863,0.811423833,0.302288022,0.171349978,3327,0,,,,,,,
3,2,random_forest,cost_sensitive,Random Forest (Cost-Sensitive),0.746630673,0.236806008,0.627515771,0.172715998,0.270876556,0.411042462,0.546461148,0.30443293,0.630238264,1240,10006,,,,,,,
3,2,random_forest,smote,Random Forest (SMOTE),0.710383379,0.176929476,0.228296786,0.22974607,0.229019135,0.228585178,0.688698112,0.255308219,0.393330441,2569,2548,,,,,,,
3,2,xgboost,baseline,XGBoost (Baseline),0.761374064,0.254862993,0.024331631,0.609022556,0.046793761,0.030113763,0.793424711,0.310935441,0.141419321,3248,52,,,,,,,
3,2,xgboost,cost_sensitive,XGBoost (Cost-Sensitive),0.759146563,0.249159906,0.647041153,0.178104845,0.279323089,0.423848878,0.528998585,0.311581174,0.638012528,1175,9940,,,,,,,
3,2,xgboost,smote,XGBoost (SMOTE),0.741250049,0.225904061,0.017422649,0.563106796,0.033799534,0.021611148,0.79886347,0.292514578,0.196452111,3271,45,,,,,,,
3,3,logistic_regression,baseline,Logistic Regression (Baseline),0.750708308,0.230243378,0.008410934,0.49122807,0.016538689,0.010468855,0.805809614,0.301951318,0.140132666,3301,29,,,,,,,
3,3,logistic_regression,cost_sensitive,Logistic Regression (Cost-Sensitive),0.750869161,0.228168299,0.682787624,0.159800337,0.258987068,0.412672476,0.549035389,0.301030928,0.64204222,1056,11951,,,,,,,
3,3,logistic_regression,smote,Logistic Regression (SMOTE),0.744142852,0.222916891,0.670171223,0.160827566,0.259403523,0.410291305,0.551718251,0.295883188,0.660925329,1098,11641,,,,,,,
3,3,random_forest,baseline,Random Forest (Baseline),0.750571437,0.227884017,0.001802343,0.6,0.00359389,0.002251238,0.810565596,0.296992481,0.145322356,3323,4,,,,,,,
3,3,random_forest,cost_sensitive,Random Forest (Cost-Sensitive),0.752424,0.229059104,0.626914989,0.175245613,0.273920462,0.413676908,0.542474574,0.301173139,0.599592951,1242,9822,,,,,,,
3,3,random_forest,smote,Random Forest (SMOTE),0.718635123,0.177320475,0.227395614,0.227737665,0.227566511,0.227463942,0.689910002,0.261351253,0.401983658,2572,2567,,,,,,,
3,3,xgboost,baseline,XGBoost (Baseline),0.766741791,0.251325563,0.021928507,0.561538462,0.042208731,0.02714562,0.795517183,0.323624595,0.157852978,3256,57,,,,,,,
3,3,xgboost,cost_sensitive,XGBoost (Cost-Sensitive),0.762357467,0.245605891,0.641934515,0.178649055,0.279510823,0.422699581,0.530352918,0.317980926,0.658800185,1192,9825,,,,,,,
3,3,xgboost,smote,XGBoost (SMOTE),0.748562859,0.228979417,0.016821868,0.495575221,0.032539221,0.020850398,0.799663423,0.296110414,0.175540105,3273,57,,,,,,,
3,4,logistic_regression,baseline,Logistic Regression (Baseline),0.748068486,0.225642212,0.009014423,0.46875,0.017688679,0.011214115,0.805199873,0.300021308,0.144670337,3298,34,,,,,,,
3,4,logistic_regression,cost_sensitive,Logistic Regression (Cost-Sensitive),0.748053132,0.223621877,0.676682692,0.162388232,0.261921377,0.414275202,0.545742787,0.299886563,0.649634659,1076,11616,,,,,,,
3,4,logistic_regression,smote,Logistic Regression (SMOTE),0.742480707,0.217838773,0.6640625,0.162775282,0.261461106,0.410948715,0.549913417,0.297963978,0.649489641,1118,11367,,,,,,,
3,4,random_forest,baseline,Random Forest (Baseline),0.744254128,0.230091451,0.001502404,0.833333333,0.0029994,0.001877159,0.810492427,0.296432432,0.141005223,3323,1,,,,,,,
3,4,random_forest,cost_sensitive,Random Forest (Cost-Sensitive),0.745627615,0.232265244,0.609975962,0.174219018,0.271028037,0.406585483,0.551254847,0.29916958,0.613531585,1298,9622,,,,,,,
3,4,random_forest,smote,Random Forest (SMOTE),0.716792532,0.17455443,0.214543269,0.230025773,0.222014925,0.21747076,0.695836687,0.260172626,0.393264212,2614,2390,,,,,,,
3,4,xgboost,baseline,XGBoost (Baseline),0.760507515,0.246599909,0.019230769,0.524590164,0.037101449,0.023820158,0.797492744,0.312687416,0.142639846,3264,58,,,,,,,
3,4,xgboost,cost_sensitive,XGBoost (Cost-Sensitive),0.759408833,0.245522288,0.628305288,0.17845865,0.277966102,0.41771545,0.53647472,0.308788078,0.644542038,1237,9626,,,,,,,
3,4,xgboost,smote,XGBoost (SMOTE),0.745789556,0.221039284,0.014723558,0.462264151,0.028538148,0.018259055,0.801126802,0.294547274,0.165958077,3279,57,,,,,,,
3,5,logistic_regression,baseline,Logistic Regression (Baseline),0.745921819,0.222098086,0.009915865,0.515625,0.019457547,0.012335526,0.804395015,0.294483704,0.146670371,3295,31,,,,,,,
3,5,logistic_regression,cost_sensitive,Logistic Regression (Cost-Sensitive),0.745552816,0.21990501,0.682091346,0.161313246,0.26091954,0.414475606,0.545889125,0.293438769,0.663297892,1058,11802,,,,,,,
3,5,logistic_regression,smote,Logistic Regression (SMOTE),0.739881683,0.215045539,0.6640625,0.159187495,0.256812504,0.406324692,0.557376649,0.291349346,0.652762115,1118,11673,,,,,,,
3,5,random_forest,baseline,Random Forest (Baseline),0.745649134,0.227968851,0.000600962,0.666666667,0.001200841,0.000751033,0.811224116,0.29388313,0.149022674,3326,1,,,,,,,
3,5,random_forest,cost_sensitive,Random Forest (Cost-Sensitive),0.74616082,0.227731309,0.608774038,0.173458904,0.269989339,0.405329706,0.553010902,0.2909699,0.593395697,1302,9654,,,,,,,
3,5,random_forest,smote,Random Forest (SMOTE),0.711983795,0.17257504,0.213341346,0.213791027,0.21356595,0.213431131,0.702202385,0.253740704,0.400862646,2618,2611,,,,,,,
3,5,xgboost,baseline,XGBoost (Baseline),0.762700674,0.247719988,0.018930288,0.520661157,0.036532328,0.023449713,0.797736641,0.311349693,0.176123783,3265,58,,,,,,,
3,5,xgboost,cost_sensitive,XGBoost (Cost-Sensitive),0.760425653,0.245307112,0.64453125,0.177669179,0.278553341,0.422493599,0.530669984,0.309085167,0.638374746,1183,9928,,,,,,,
3,5,xgboost,smote,XGBoost (SMOTE),0.743058721,0.219055501,0.015024038,0.471698113,0.029120559,0.018631689,0.800858516,0.288591224,0.156623647,3278,56,,,,,,,
